model,threshold,precision,recall,f1,roc_auc,pr_auc,alert_volume
Rule-based,0.5,0.032,0.947,0.062,0.533,,0.8818
Logistic Regression,0.5,0.15267175572519084,0.6666666666666666,0.2484472049689441,0.811786941580756,0.5090176771359222,0.131
Random Forest,0.5,0.9090909090909091,0.3333333333333333,0.4878048780487805,0.7466838487972509,0.432645613406937,0.011
XGBoost,0.5,0.5217391304347826,0.4,0.4528301886792453,0.684020618556701,0.40284071248281195,0.023
