model,precision,recall,f1,tp,fp,fn,tn
Rules,0.5074626865671642,0.4533333333333333,0.4788732394366197,4784,66,82,68
XGB,0.9776119402985075,0.8733333333333333,0.9225352112676056,4847,3,19,131
